,X,chr.downstream,start.downstream,end.downstream,width.downstream,strand.downstream,DataSource.Type.downstream,snaptron_id.downstream,chromosome.downstream,length.downstream,annotated.downstream,left_motif.downstream,right_motif.downstream,left_annotated.downstream,right_annotated.downstream,samples.downstream,samples_count.downstream,coverage_sum.downstream,coverage_avg.downstream,coverage_median.downstream,source_dataset_id.downstream,PEx,snaptron_downstream_junction,chr.upstream,start.upstream,end.upstream,width.upstream,strand.upstream,DataSource.Type.upstream,snaptron_id.upstream,chromosome.upstream,length.upstream,annotated.upstream,left_motif.upstream,right_motif.upstream,left_annotated.upstream,right_annotated.upstream,samples.upstream,samples_count.upstream,coverage_sum.upstream,coverage_avg.upstream,coverage_median.upstream,source_dataset_id.upstream,snaptron_upstream_junction,junction_type,tissue,isoform,CanonicalMedianCoverage,SampleThresholdParam,SampleThreshold,TotalSamples,JunctionType,Gene
3,2281,chr18,79930312,79933968,3657,-,GTEx:I,12937573,chr18,3657,1,GT,AG,"aC19,gC19,gC38,kG38,sG19,sG38,vG19","aC19,cG19,cG38,gC19,gC38,kG19,kG38,mG19,mG38,rG19,rG38,sG19,sG38,vG19",",50314:15,50501:121,50602:85,50664:71,50815:22,50861:77,51004:85,51119:66,51121:23,51130:35,51316:8,51326:64,51342:109,51427:123,51429:25,51448:115,51474:132,51490:11,51714:20,51718:156,51741:172,51764:88,51840:81,51847:97,51940:75,52006:72,52083:84,52092:152,52297:5,52311:80,52521:85,52592:65,52803:78,52984:48,53036:66,53043:113,53057:126,53395:100,53417:82,53554:51,53783:10,53841:49,53897:28,53988:99,54251:52,54295:187,54321:29,54404:8,54434:41,54652:94,54682:42,54723:13,54743:92,54746:56,54937:23,54964:121,54966:129,55049:62,55072:42,55126:64,55182:37,55253:216,55283:102,55449:41,55486:82,55609:19,55625:84,55797:61,55817:43,55928:19,55965:11,56131:12,56309:34,56532:52,56546:112,56864:248,56946:76,57001:74,57078:70,57313:39,57451:47,57501:38,57798:27,57950:62,57981:57,58582:98,58637:42,58669:79,58729:25,58756:34,58795:38,58850:25,59123:22,59158:41,59280:88,59452:55,59485:146,59514:124,59655:29",99,6833,69.02020202,64,1,chr18:79930227-79930311,chr18:79930312-79933968,chr18,79904184,79930227,26044,-,GTEx:I,12935190,chr18,26044,0,GT,AG,"aC19,cG19,cG38,gC19,gC38,kG19,kG38,mG19,mG38,rG19,rG38,sG19,sG38,vG19","aC19,gC19,gC38,kG38,sG19,sG38,vG19",",50314:2,50501:26,50602:17,50664:15,50815:1,50861:10,51004:17,51119:12,51121:2,51130:7,51326:14,51342:16,51427:10,51429:3,51448:29,51474:17,51714:5,51718:21,51741:10,51764:8,51840:14,51847:24,51940:15,52006:17,52083:7,52092:33,52297:3,52311:23,52521:14,52592:11,52803:10,52984:2,53036:4,53043:27,53057:26,53395:27,53417:9,53554:9,53783:1,53841:11,53897:5,53988:18,54251:8,54295:26,54321:7,54404:2,54434:2,54652:13,54743:24,54746:5,54964:15,54966:23,55049:18,55072:2,55126:9,55182:7,55253:42,55283:19,55449:3,55486:12,55609:4,55625:18,55797:9,55817:7,55928:4,55965:3,56131:1,56309:13,56532:2,56546:9,56864:25,56946:10,57001:5,57078:14,57313:12,57451:12,57501:9,57950:20,57981:14,58582:16,58637:14,58669:9,58729:4,58795:9,58850:7,59123:3,59158:7,59280:22,59452:6,59485:29,59514:34,59655:4",92,1144,12.43478261,10,1,chr18:79904184-79930227,flankingJunction,acc,common_major,12.04040404,0.5,49.5,99,flankingJunction,SLC66A2
7,598,chr16,29819203,29819554,352,+,GTEx:I,10087434,chr16,352,0,GT,AG,0,"aC19,cG19,cG38,gC19,gC38,kG19,kG38,mG19,mG38,rG19,rG38,sG19,sG38,vG19",",50250:39,50287:67,50300:65,50424:14,50437:33,50482:62,50488:102,50499:43,50532:105,50635:64,50804:58,50834:46,50856:41,50958:1,51107:80,51109:48,51112:20,51122:28,51139:48,51278:74,51418:40,51450:43,51451:66,51463:34,51515:44,51904:33,52053:55,52071:66,52080:76,52085:25,52216:47,52301:10,52378:48,52457:35,52458:80,52492:45,52526:64,52623:89,52671:6,52870:36,53003:34,53026:88,53170:46,53358:43,53375:92,53508:65,53534:22,53622:37,53690:106,53699:78,53819:48,53861:54,53964:208,53966:149,53979:51,54080:107,54245:41,54307:36,54314:88,54358:104,54489:15,54516:55,54521:72,54533:46,54572:35,54758:114,54845:17,54854:92,54975:72,55120:32,55266:25,55339:11,55577:75,55594:72,55612:89,55719:33,55832:43,55856:48,55931:38,55963:61,56018:39,56297:59,56547:37,56556:136,56638:30,56760:47,56811:56,56819:100,57031:22,57048:23,57060:33,57067:34,57263:47,57351:5,57402:45,57521:47,57551:59,57681:60,57994:32,57995:72,58045:49,58086:25,58108:65,58109:58,58158:46,58175:74,58183:43,58484:120,58506:51,58627:59,58649:44,58800:39,58955:105,59022:144,59106:30,59228:76,59381:39,59597:62",118,6634,56.22033898,48,1,chr16:29819011-29819202,chr16:29819203-29819554,chr16,29817293,29819011,1719,+,GTEx:I,10087270,chr16,1719,0,GT,AG,"aC19,cG19,cG38,gC19,gC38,kG19,kG38,mG19,mG38,rG19,rG38,sG19,sG38,vG19",0,",50250:43,50287:50,50300:63,50424:13,50437:35,50482:43,50488:74,50499:46,50532:76,50635:49,50804:52,50834:21,50856:41,50958:1,51107:64,51109:41,51112:6,51122:26,51139:37,51278:62,51418:62,51450:52,51451:58,51463:28,51515:43,51904:18,52053:59,52071:84,52080:55,52085:9,52216:43,52301:7,52378:41,52457:40,52458:65,52492:38,52526:48,52623:57,52870:25,53003:38,53026:61,53170:57,53358:48,53375:54,53508:64,53534:15,53622:24,53690:91,53699:82,53819:39,53861:44,53964:150,53966:118,53979:38,54080:95,54245:33,54307:35,54314:75,54358:64,54489:29,54516:43,54521:50,54533:25,54572:30,54758:62,54845:20,54854:82,54975:46,55120:24,55266:26,55339:12,55577:40,55594:62,55612:103,55719:23,55832:23,55856:44,55931:31,55963:58,56018:36,56297:44,56547:31,56556:106,56638:48,56760:39,56811:56,56819:57,57031:21,57048:17,57060:26,57067:27,57263:37,57351:1,57402:40,57521:48,57551:61,57681:52,57994:22,57995:68,58045:28,58086:21,58108:46,58109:34,58158:29,58175:39,58183:44,58484:92,58506:41,58627:62,58649:39,58800:28,58955:85,59022:110,59106:27,59228:63,59381:45,59597:56",117,5459,46.65811966,43,1,chr16:29817293-29819011,flankingJunction,cerebellarh,common_major,17.32341011,0.5,59,118,flankingJunction,PAGR1; ENSG00000280893;ENSG00000281348
13,580,chr16,29819203,29819554,352,+,GTEx:I,10087434,chr16,352,0,GT,AG,0,"aC19,cG19,cG38,gC19,gC38,kG19,kG38,mG19,mG38,rG19,rG38,sG19,sG38,vG19",",50124:127,50179:65,50209:57,50392:54,50418:24,50456:75,50519:42,50620:58,50662:88,50687:17,50737:31,50748:54,51082:83,51147:62,51178:37,51327:48,51397:77,51436:72,51505:56,51522:61,51604:47,51803:39,51899:108,51920:38,51923:42,51943:37,52069:61,52079:99,52132:68,52154:44,52352:27,52381:95,52450:83,52510:61,52654:22,52665:40,52723:47,52734:113,52740:69,52748:86,52752:62,52834:43,52901:34,52985:19,53041:41,53053:51,53099:61,53123:54,53151:30,53223:75,53376:9,53452:39,53479:57,53544:50,53635:8,53636:38,53691:54,53736:95,53737:86,53775:119,53782:56,53859:65,53913:24,53914:54,53922:23,53938:65,54059:103,54113:47,54212:48,54309:64,54310:76,54464:57,54474:63,54483:48,54498:5,54524:40,54620:154,54627:93,54877:71,55096:37,55232:66,55237:48,55376:59,55382:63,55500:28,55505:63,55550:1,55619:88,55632:29,55684:65,55714:67,55886:80,55979:52,56037:59,56087:58,56369:79,56581:70,56624:38,56640:74,56674:70,56741:30,57245:63,57253:49,57293:70,57303:68,57515:76,57534:56,57555:42,57597:36,57621:54,57625:75,57724:44,57744:49,57749:92,57750:24,57797:43,57923:106,58048:84,58070:3,58095:75,58234:79,58262:36,58277:47,58424:38,58445:82,58601:48,58652:62,58668:77,58762:12,58803:51,58816:56,58873:68,58977:50,58984:58,59326:44,59393:51,59458:64,59491:22,59548:61,59595:46,59610:42,59699:27,59707:64,59747:107",144,8220,57.08333333,56,1,chr16:29819011-29819202,chr16:29819203-29819554,chr16,29817293,29819011,1719,+,GTEx:I,10087270,chr16,1719,0,GT,AG,"aC19,cG19,cG38,gC19,gC38,kG19,kG38,mG19,mG38,rG19,rG38,sG19,sG38,vG19",0,",50124:119,50179:44,50209:70,50392:50,50418:27,50456:93,50519:37,50620:32,50662:87,50687:18,50737:49,50748:27,51082:77,51147:57,51178:47,51327:47,51397:89,51436:53,51505:66,51522:49,51604:46,51803:34,51899:105,51920:33,51923:36,51943:30,52069:51,52079:63,52132:64,52154:59,52352:25,52381:50,52450:51,52510:38,52654:36,52665:46,52723:38,52734:76,52740:59,52748:79,52752:37,52834:33,52901:22,52985:8,53041:52,53053:30,53099:52,53123:70,53151:14,53223:56,53376:16,53452:58,53479:46,53544:43,53635:8,53636:37,53691:48,53736:71,53737:60,53775:122,53782:60,53859:57,53913:23,53914:48,53922:19,53938:54,54059:101,54113:28,54212:43,54309:50,54310:73,54464:33,54474:78,54483:56,54498:3,54524:23,54620:136,54627:66,54877:60,55096:33,55232:54,55237:51,55376:49,55382:55,55500:29,55505:41,55550:1,55619:101,55632:28,55684:47,55714:48,55886:45,55979:47,56037:54,56087:57,56369:71,56581:65,56624:49,56640:76,56674:50,56741:14,57245:44,57253:30,57293:70,57303:37,57515:44,57534:62,57555:27,57597:36,57621:34,57625:41,57724:32,57744:42,57749:77,57750:25,57797:39,57923:79,58048:57,58070:5,58095:80,58234:76,58262:27,58277:46,58424:32,58445:59,58601:43,58652:46,58668:78,58762:11,58803:42,58816:47,58873:66,58977:41,58984:60,59326:39,59393:43,59458:83,59491:29,59548:68,59595:53,59610:42,59699:25,59707:55,59747:107",144,7195,49.96527778,47.5,1,chr16:29817293-29819011,flankingJunction,cerebellum,common_major,11.19310345,0.5,72.5,145,flankingJunction,PAGR1; ENSG00000280893;ENSG00000281348
14,2388,chr19,3661527,3661870,344,-,GTEx:I,13173580,chr19,344,1,GT,AG,sG38,"aC19,cG19,cG38,gC19,gC38,kG19,kG38,mG19,mG38,rG19,rG38,sG19,sG38",",50124:11,50179:14,50209:12,50392:2,50418:12,50456:42,50519:15,50620:16,50662:20,50687:7,50737:4,50748:12,51082:49,51147:4,51178:21,51327:26,51397:11,51436:34,51505:11,51522:15,51604:16,51803:14,51899:21,51920:15,51923:10,51943:5,52069:17,52079:13,52132:25,52154:18,52352:6,52381:35,52450:4,52510:25,52654:24,52665:9,52723:19,52734:20,52740:27,52748:46,52752:22,52834:6,52901:26,52985:7,53041:15,53053:13,53099:42,53123:20,53151:16,53223:50,53376:7,53452:12,53479:34,53544:26,53596:3,53635:4,53636:15,53691:23,53736:30,53737:20,53775:46,53782:16,53859:11,53913:5,53914:10,53922:4,53938:6,54059:14,54113:21,54212:18,54309:23,54310:17,54464:3,54474:17,54483:24,54498:4,54524:9,54620:17,54627:45,54877:20,55096:11,55232:23,55237:7,55376:16,55382:27,55500:10,55505:13,55550:1,55619:24,55632:12,55684:17,55714:17,55886:14,55979:17,56037:4,56087:10,56369:21,56581:18,56624:4,56640:31,56674:20,56741:8,57245:22,57253:20,57293:14,57303:17,57515:29,57534:19,57555:4,57597:23,57621:7,57625:16,57724:19,57744:31,57749:3,57750:19,57797:13,57923:3,58048:9,58095:30,58234:24,58262:15,58277:16,58424:21,58445:11,58601:17,58652:12,58668:10,58762:18,58803:9,58816:5,58873:27,58977:22,58984:9,59326:8,59393:15,59458:47,59491:13,59548:12,59595:15,59610:17,59699:5,59707:36,59747:14",144,2449,17.00694444,16,1,chr19:3661372-3661526,chr19:3661527-3661870,chr19,3661084,3661372,289,-,GTEx:I,13173552,chr19,289,0,GT,AG,"aC19,cG19,cG38,gC19,gC38,kG19,kG38,mG19,mG38,rG19,rG38,sG19,sG38",0,",50124:7,50179:22,50209:11,50392:8,50418:23,50456:19,50519:9,50620:9,50662:7,50687:12,50737:7,50748:12,51082:20,51147:13,51178:11,51327:24,51397:8,51436:23,51505:7,51522:15,51604:12,51803:25,51899:24,51920:16,51923:3,51943:6,52069:7,52079:7,52132:25,52154:10,52352:3,52381:29,52450:6,52510:24,52654:30,52665:11,52723:26,52734:32,52740:35,52748:31,52752:26,52834:8,52901:12,52985:12,53041:27,53053:10,53099:26,53123:15,53151:12,53223:24,53376:11,53452:18,53479:19,53544:16,53596:5,53635:12,53636:10,53691:30,53736:22,53737:21,53775:27,53782:18,53859:10,53913:6,53914:11,53922:5,53938:16,54059:14,54113:18,54212:10,54309:15,54310:27,54464:1,54474:20,54483:15,54498:2,54524:3,54620:8,54627:55,54877:20,55096:18,55232:18,55237:9,55376:22,55382:10,55500:3,55505:10,55550:5,55619:22,55632:7,55684:16,55714:18,55886:16,55979:11,56037:5,56087:20,56369:9,56581:21,56624:19,56640:23,56674:26,56741:5,57245:18,57253:33,57293:11,57303:10,57515:43,57534:16,57555:6,57597:21,57621:15,57625:11,57724:24,57744:25,57749:3,57750:19,57797:17,57923:7,58048:8,58095:29,58234:19,58262:14,58277:24,58424:14,58445:5,58601:13,58652:11,58668:8,58762:5,58803:13,58816:14,58873:17,58977:27,58984:13,59326:3,59393:10,59458:23,59491:15,59548:12,59595:22,59610:14,59699:3,59707:10,59747:6",144,2210,15.34722222,14,1,chr19:3661084-3661372,flankingJunction,cerebellum,common_major,11.19310345,0.5,72.5,145,flankingJunction,PIP5K1C
19,2383,chr18,79930312,79933968,3657,-,GTEx:I,12937573,chr18,3657,1,GT,AG,"aC19,gC19,gC38,kG38,sG19,sG38,vG19","aC19,cG19,cG38,gC19,gC38,kG19,kG38,mG19,mG38,rG19,rG38,sG19,sG38,vG19",",50167:105,50400:8,50459:134,50500:6,50582:78,50599:88,50615:59,50646:93,50750:175,50800:135,50802:152,50845:78,50881:66,50986:53,51012:30,51133:59,51196:102,51293:46,51339:33,51356:39,51404:111,51456:137,51459:76,51553:70,51808:94,51809:53,51816:28,51836:59,51837:54,51864:71,51975:73,51992:68,52152:38,52176:58,52185:70,52240:3,52253:64,52584:17,52680:44,52728:89,52729:117,52807:80,52903:72,52919:64,52942:51,53037:128,53142:97,53152:35,53298:55,53324:104,53567:80,53675:118,53739:35,53774:68,53795:84,53891:65,53898:30,53971:131,53983:87,54090:41,54123:80,54165:71,54253:31,54257:66,54287:210,54289:110,54338:106,54461:69,54550:62,54569:51,54617:32,54648:79,54731:67,54946:71,54993:31,55010:29,55013:72,55059:38,55177:101,55280:122,55319:6,55348:112,55400:166,55405:89,55496:64,55672:44,55681:57,55694:83,55774:82,55833:53,55956:109,55960:112,56029:89,56046:94,56047:110,56260:161,56358:74,56435:49,56520:21,56537:1,56684:64,56747:57,56822:52,56917:88,57043:76,57315:94,57396:78,57482:11,57781:79,57905:79,57948:7,58035:59,58065:58,58222:178,58305:100,58393:53,58413:54,58510:170,58595:41,58621:24,58644:77,58867:105,59081:11,59175:107,59269:12,59272:5,59461:145,59530:85,59604:106,59674:88,59678:37,59753:39",132,9671,73.26515152,70.5,1,chr18:79930227-79930311,chr18:79930312-79933968,chr18,79904184,79930227,26044,-,GTEx:I,12935190,chr18,26044,0,GT,AG,"aC19,cG19,cG38,gC19,gC38,kG19,kG38,mG19,mG38,rG19,rG38,sG19,sG38,vG19","aC19,gC19,gC38,kG38,sG19,sG38,vG19",",50167:18,50459:15,50582:10,50599:25,50615:15,50646:9,50750:34,50800:16,50802:21,50845:13,50881:23,50986:12,51012:7,51133:1,51196:8,51293:10,51339:5,51356:4,51404:24,51456:32,51459:9,51553:13,51808:20,51809:5,51816:5,51836:9,51837:11,51864:18,51975:10,51992:17,52152:1,52176:18,52185:8,52240:1,52253:10,52584:1,52680:8,52728:24,52729:12,52807:7,52903:13,52919:16,52942:9,53037:24,53142:17,53152:9,53298:1,53324:18,53567:7,53675:10,53739:4,53774:7,53795:26,53891:5,53898:2,53971:11,53983:19,54090:2,54123:10,54165:3,54253:5,54257:9,54287:25,54289:25,54338:35,54461:14,54550:10,54569:13,54617:6,54648:7,54731:9,54946:11,54993:5,55010:1,55013:17,55059:5,55177:25,55280:27,55348:19,55400:15,55405:18,55496:3,55672:2,55681:12,55694:9,55774:9,55833:7,55956:17,55960:18,56029:15,56046:15,56047:13,56260:42,56358:10,56435:18,56520:4,56537:1,56684:14,56747:10,56822:8,56917:13,57043:11,57315:9,57396:6,57482:1,57781:19,57905:10,57948:1,58035:8,58065:12,58222:30,58305:18,58393:9,58413:7,58510:37,58595:3,58621:5,58644:14,58867:20,59081:1,59175:21,59269:3,59461:32,59530:8,59604:18,59674:9,59678:6,59753:3",128,1584,12.375,10,1,chr18:79904184-79930227,flankingJunction,cortex,common_major,11.89019847,0.5,66,132,flankingJunction,SLC66A2
23,1834,chr12,54580779,54580943,165,-,GTEx:I,6152431,chr12,165,0,GT,AG,0,"aC19,cG19,cG38,gC19,gC38,kG19,kG38,mG19,mG38,rG19,rG38,sG19,sG38",",50237:3,50264:4,50291:15,50294:15,50516:1,50548:14,50774:12,50924:7,50947:19,51037:2,51276:13,51382:1,51402:8,51409:7,51441:20,51677:26,51686:15,51865:9,51878:11,51903:11,51966:14,52076:37,52194:3,52278:17,52442:1,52498:23,52531:4,52572:2,52630:3,52704:5,52727:10,52892:13,53067:17,53107:7,53114:8,53143:7,53327:18,53419:7,53426:8,53469:3,53474:1,53687:7,53848:5,54024:7,54234:6,54392:6,54408:20,54462:1,54547:4,54658:16,54672:1,54959:27,54992:8,55105:21,55111:13,55129:24,55263:21,55396:7,55446:9,55481:5,55526:8,55558:8,55650:13,55701:8,56164:7,56528:2,56611:9,56628:15,56698:8,56834:16,56922:17,57334:10,57385:22,57430:13,57518:5,57622:12,57658:15,57735:7,57843:11,57916:25,58117:8,58151:24,58191:15,58283:8,58308:17,58323:10,58326:2,58539:3,58647:10,58839:15,59069:1,59147:9,59156:18,59234:2,59405:20,59449:13,59547:8",97,1043,10.75257732,9,1,chr12:54580703-54580778,chr12:54580779-54580943,chr12,54580393,54580703,311,-,GTEx:I,6152412,chr12,311,0,GT,AG,"aC19,cG19,cG38,gC19,gC38,kG19,kG38,mG19,mG38,rG19,rG38,sG19,sG38",0,",50237:4,50264:3,50291:10,50294:12,50516:4,50548:11,50619:3,50774:10,50924:8,50947:21,51037:5,51276:12,51382:1,51402:10,51409:19,51441:21,51677:16,51686:9,51865:9,51878:20,51903:16,51966:14,52076:30,52194:7,52278:17,52442:3,52498:21,52531:11,52572:5,52630:3,52704:7,52727:12,52892:11,53067:18,53107:9,53114:19,53143:4,53327:18,53419:14,53426:12,53469:5,53474:1,53687:13,53848:6,54024:10,54234:6,54392:6,54408:18,54462:1,54547:8,54658:7,54672:2,54959:25,54992:7,55006:3,55105:13,55111:10,55129:23,55263:16,55396:14,55446:3,55481:8,55526:6,55558:8,55650:19,55701:6,56164:8,56508:1,56528:2,56611:17,56628:25,56698:10,56834:13,56922:19,57334:11,57385:15,57430:8,57518:4,57622:17,57658:18,57735:2,57843:12,57916:20,58117:11,58151:20,58191:17,58283:8,58308:21,58323:17,58326:2,58539:2,58647:17,58839:18,59069:2,59147:10,59156:13,59234:8,59405:10,59547:10",99,1091,11.02020202,10,1,chr12:54580393-54580703,flankingJunction,putamen,common_major,9.237623762,0.5,51.5,103,flankingJunction,PPP1R1A
31,1309,chr9,98007703,98011270,3568,+,GTEx:I,27397905,chr9,3568,1,GT,AG,"aC19,sG19,sG38","aC19,cG19,cG38,gC19,gC38,kG19,kG38,mG19,mG38,rG19,rG38,sG19,sG38,vG19",",50225:24,50374:10,50479:85,50562:22,50791:22,50972:21,51168:8,51502:56,51560:21,51651:12,51697:6,51756:52,51769:35,51778:26,52099:30,52158:30,52499:11,52511:20,52591:16,52605:12,52790:6,52791:16,52949:13,53158:14,53189:31,53196:23,53346:45,53531:18,53619:18,53649:54,53732:37,54277:16,54424:25,54460:27,54663:25,54715:5,54853:15,54912:12,55122:15,55431:22,55664:9,55690:8,55718:22,56230:43,56235:27,56242:20,56406:8,56501:11,56577:17,56665:16,56735:26,56765:14,57228:34,57232:17,57314:30,57365:12,57577:21,57630:22,57636:19,57665:16,57886:21,57921:23,58041:7,58159:40,58180:53,58195:23,58272:21,58392:4,58435:22,58573:12,58927:19,59167:32,59268:7,59352:10,59601:20",75,1662,22.16,20,1,chr9:98007501-98007702,chr9:98007703-98011270,chr9,98005154,98007501,2348,+,GTEx:I,27397800,chr9,2348,0,GT,AG,"aC19,cG19,cG38,gC19,gC38,kG19,kG38,mG19,mG38,rG19,rG38,sG19,sG38,vG19",0,",50225:15,50374:8,50479:34,50562:15,50791:15,50972:20,51168:11,51502:27,51560:14,51651:9,51697:13,51756:30,51769:32,51778:10,52099:15,52158:23,52499:6,52511:13,52591:14,52605:10,52791:7,52949:16,53158:14,53189:19,53196:15,53346:17,53531:21,53619:18,53649:41,53732:14,54277:11,54424:17,54460:18,54663:22,54715:2,54853:17,54912:9,55122:9,55431:13,55664:5,55690:19,55718:22,56230:32,56235:17,56242:14,56406:15,56501:6,56577:27,56665:11,56735:18,56765:8,57228:19,57232:14,57314:27,57365:16,57577:8,57630:7,57636:15,57665:16,57886:11,57921:15,58041:8,58159:63,58180:28,58195:13,58272:21,58435:8,58573:11,58927:8,59167:18,59268:11,59352:10,59601:8",73,1183,16.20547945,15,1,chr9:98005154-98007501,flankingJunction,spinalc,common_major,10.52378749,0.5,38,76,flankingJunction,ANP32B
32,1978,chr17,69080028,69081065,1038,-,GTEx:I,12112563,chr17,1038,0,GT,AG,0,"aC19,cG19,cG38,gC19,gC38,kG19,kG38,mG19,mG38,rG19,rG38,sG19,sG38",",50225:19,50374:27,50479:13,50562:12,50791:7,50972:7,51168:3,51502:9,51560:2,51651:8,51697:13,51756:19,51769:37,51778:41,52099:2,52158:25,52499:10,52511:2,52591:20,52605:2,52790:5,52791:43,52949:9,53076:4,53158:13,53189:5,53196:4,53346:28,53531:2,53619:5,53649:23,53732:2,54424:14,54460:4,54663:7,54715:5,54853:28,54912:2,55122:3,55431:2,55664:8,55690:12,55718:13,56230:30,56235:3,56242:14,56406:5,56501:4,56577:5,56665:14,56765:2,57228:1,57232:10,57314:1,57365:4,57577:6,57630:16,57636:4,57665:13,57886:10,57921:15,58041:5,58159:23,58180:22,58195:5,58392:1,58435:10,58573:6,58927:2,59167:12,59268:3,59352:5,59601:6",73,776,10.63013699,7,1,chr17:69079957-69080027,chr17:69080028-69081065,chr17,69079266,69079957,692,-,GTEx:I,12112537,chr17,692,0,GT,AG,"aC19,cG19,cG38,gC19,gC38,kG19,kG38,mG19,mG38,rG19,rG38,sG19,sG38",0,",50225:44,50374:97,50479:6,50562:40,50791:32,50972:13,51168:7,51502:55,51560:16,51651:22,51697:5,51756:31,51769:87,51778:73,52099:9,52158:50,52499:9,52511:4,52591:69,52605:20,52790:10,52791:93,52949:14,53076:8,53158:15,53189:7,53196:24,53346:33,53531:13,53619:19,53649:48,53732:8,54277:2,54424:41,54460:21,54663:24,54715:10,54853:60,54912:13,55122:9,55431:10,55664:27,55690:13,55718:37,56230:66,56235:15,56242:37,56406:26,56501:9,56577:20,56665:52,56735:1,56765:9,57228:2,57232:34,57314:2,57365:12,57577:14,57630:69,57636:13,57665:41,57886:23,57921:29,58041:26,58159:56,58180:47,58195:11,58272:5,58392:2,58435:28,58573:4,58927:3,59167:36,59268:12,59352:18,59601:26",76,1996,26.26315789,19.5,1,chr17:69079266-69079957,flankingJunction,spinalc,common_major,10.52378749,0.5,38,76,flankingJunction,ABCA6
33,1980,chr17,69080138,69081065,928,-,GTEx:I,12112567,chr17,928,0,GT,AG,0,"aC19,cG19,cG38,gC19,gC38,kG19,kG38,mG19,mG38,rG19,rG38,sG19,sG38",",50225:31,50374:55,50562:15,50791:15,50972:5,51502:20,51560:4,51651:15,51697:1,51756:14,51769:37,51778:33,52099:1,52158:17,52499:7,52591:28,52605:9,52790:3,52791:39,52949:5,53158:3,53189:5,53196:14,53346:20,53531:5,53619:5,53649:24,53732:5,54277:2,54424:16,54460:10,54663:9,54715:4,54853:21,54912:21,55431:8,55664:4,55690:10,55718:16,56230:24,56235:3,56242:20,56406:3,56501:5,56577:4,56665:18,56765:6,57228:2,57232:12,57314:3,57365:7,57577:8,57630:27,57636:3,57665:13,57886:8,57921:11,58041:13,58159:46,58180:39,58195:6,58392:4,58435:15,58573:6,59167:7,59268:2,59352:10,59601:12",68,893,13.13235294,9.5,1,chr17:69079957-69080137,chr17:69080138-69081065,chr17,69079266,69079957,692,-,GTEx:I,12112537,chr17,692,0,GT,AG,"aC19,cG19,cG38,gC19,gC38,kG19,kG38,mG19,mG38,rG19,rG38,sG19,sG38",0,",50225:44,50374:97,50479:6,50562:40,50791:32,50972:13,51168:7,51502:55,51560:16,51651:22,51697:5,51756:31,51769:87,51778:73,52099:9,52158:50,52499:9,52511:4,52591:69,52605:20,52790:10,52791:93,52949:14,53076:8,53158:15,53189:7,53196:24,53346:33,53531:13,53619:19,53649:48,53732:8,54277:2,54424:41,54460:21,54663:24,54715:10,54853:60,54912:13,55122:9,55431:10,55664:27,55690:13,55718:37,56230:66,56235:15,56242:37,56406:26,56501:9,56577:20,56665:52,56735:1,56765:9,57228:2,57232:34,57314:2,57365:12,57577:14,57630:69,57636:13,57665:41,57886:23,57921:29,58041:26,58159:56,58180:47,58195:11,58272:5,58392:2,58435:28,58573:4,58927:3,59167:36,59268:12,59352:18,59601:26",76,1996,26.26315789,19.5,1,chr17:69079266-69079957,flankingJunction,spinalc,common_major,10.52378749,0.5,38,76,flankingJunction,ABCA6
39,1308,chr9,98007703,98011270,3568,+,GTEx:I,27397905,chr9,3568,1,GT,AG,"aC19,sG19,sG38","aC19,cG19,cG38,gC19,gC38,kG19,kG38,mG19,mG38,rG19,rG38,sG19,sG38,vG19",",50110:2,50160:15,50272:7,50383:5,50423:10,50439:11,50485:12,50626:17,50758:2,50977:5,51359:2,51386:4,51437:11,51457:36,51599:13,51715:20,51757:12,51981:8,52257:26,52304:11,52309:25,52522:13,52601:28,52852:15,52989:3,53234:7,53279:18,53582:8,53650:19,53681:38,53758:10,53815:14,53931:9,53990:26,54064:5,54146:10,54216:18,54322:25,54548:4,54677:45,54844:15,54873:1,55285:58,55924:21,56013:7,56059:14,56077:9,56154:52,56321:16,56326:16,56589:13,56595:21,56918:8,56925:7,56934:6,56943:2,57076:12,57109:8,57311:38,57481:5,57559:21,57637:9,57648:13,57946:26,58047:18,58503:7,58813:32,59154:20,59309:14,59621:14,59718:4",71,1076,15.15492958,13,1,chr9:98007501-98007702,chr9:98007703-98011270,chr9,98005154,98007501,2348,+,GTEx:I,27397800,chr9,2348,0,GT,AG,"aC19,cG19,cG38,gC19,gC38,kG19,kG38,mG19,mG38,rG19,rG38,sG19,sG38,vG19",0,",50110:2,50160:9,50272:4,50383:10,50423:9,50439:5,50485:9,50626:12,50758:1,50977:6,51359:7,51386:3,51437:15,51457:30,51599:7,51715:10,51757:14,51981:5,52257:20,52304:13,52309:18,52522:7,52601:25,52852:9,52989:3,53234:9,53279:9,53582:3,53650:12,53681:38,53758:6,53815:20,53931:4,53990:26,54064:12,54146:14,54216:12,54322:21,54548:7,54677:40,54844:12,54873:5,55285:31,55924:26,56013:8,56059:6,56077:5,56154:20,56321:11,56326:18,56589:15,56595:13,56918:3,56925:3,56934:5,56943:6,57076:6,57109:6,57311:27,57481:5,57559:9,57637:8,57648:14,57946:11,58047:6,58503:9,58813:22,59154:13,59309:10,59621:8,59718:3",71,830,11.69014085,9,1,chr9:98005154-98007501,flankingJunction,subnigra,common_major,10.21126761,0.5,35.5,71,flankingJunction,chr9:98007501-98007702